{"ParsedBatchCells":[{"X":1,"Y":16,"Z":8},{"X":1,"Y":16,"Z":9},{"X":1,"Y":16,"Z":11},{"X":1,"Y":16,"Z":12},{"X":1,"Y":16,"Z":13},{"X":1,"Y":16,"Z":14},{"X":1,"Y":16,"Z":15},{"X":1,"Y":16,"Z":16},{"X":1,"Y":16,"Z":17},{"X":1,"Y":16,"Z":18},{"X":1,"Y":17,"Z":8},{"X":1,"Y":17,"Z":9},{"X":1,"Y":17,"Z":11},{"X":1,"Y":17,"Z":12},{"X":1,"Y":17,"Z":13},{"X":1,"Y":17,"Z":14},{"X":1,"Y":17,"Z":15},{"X":1,"Y":17,"Z":16},{"X":1,"Y":17,"Z":17},{"X":1,"Y":17,"Z":18},{"X":1,"Y":17,"Z":19},{"X":1,"Y":18,"Z":8},{"X":1,"Y":18,"Z":9},{"X":1,"Y":18,"Z":11},{"X":1,"Y":18,"Z":12},{"X":1,"Y":18,"Z":13},{"X":1,"Y":18,"Z":14},{"X":1,"Y":18,"Z":15},{"X":1,"Y":18,"Z":16},{"X":1,"Y":18,"Z":17},{"X":1,"Y":18,"Z":18},{"X":2,"Y":16,"Z":6},{"X":2,"Y":16,"Z":7},{"X":2,"Y":16,"Z":8},{"X":2,"Y":16,"Z":9},{"X":2,"Y":16,"Z":10},{"X":2,"Y":16,"Z":11},{"X":2,"Y":16,"Z":12},{"X":2,"Y":16,"Z":13},{"X":2,"Y":16,"Z":14},{"X":2,"Y":16,"Z":15},{"X":2,"Y":16,"Z":16},{"X":2,"Y":16,"Z":17},{"X":2,"Y":16,"Z":18},{"X":2,"Y":16,"Z":19},{"X":2,"Y":16,"Z":20},{"X":2,"Y":17,"Z":6},{"X":2,"Y":17,"Z":7},{"X":2,"Y":17,"Z":8},{"X":2,"Y":17,"Z":9},{"X":2,"Y":17,"Z":10},{"X":2,"Y":17,"Z":11},{"X":2,"Y":17,"Z":12},{"X":2,"Y":17,"Z":13},{"X":2,"Y":17,"Z":14},{"X":2,"Y":17,"Z":15},{"X":2,"Y":17,"Z":16},{"X":2,"Y":17,"Z":17},{"X":2,"Y":17,"Z":18},{"X":2,"Y":17,"Z":19},{"X":2,"Y":17,"Z":20},{"X":2,"Y":18,"Z":6},{"X":2,"Y":18,"Z":7},{"X":2,"Y":18,"Z":8},{"X":2,"Y":18,"Z":9},{"X":2,"Y":18,"Z":10},{"X":2,"Y":18,"Z":11},{"X":2,"Y":18,"Z":12},{"X":2,"Y":18,"Z":13},{"X":2,"Y":18,"Z":14},{"X":2,"Y":18,"Z":15},{"X":2,"Y":18,"Z":16},{"X":2,"Y":18,"Z":17},{"X":2,"Y":18,"Z":18},{"X":2,"Y":18,"Z":19},{"X":2,"Y":18,"Z":20},{"X":3,"Y":15,"Z":10},{"X":3,"Y":16,"Z":2},{"X":3,"Y":16,"Z":3},{"X":3,"Y":16,"Z":4},{"X":3,"Y":16,"Z":5},{"X":3,"Y":16,"Z":6},{"X":3,"Y":16,"Z":7},{"X":3,"Y":16,"Z":8},{"X":3,"Y":16,"Z":9},{"X":3,"Y":16,"Z":10},{"X":3,"Y":16,"Z":11},{"X":3,"Y":16,"Z":12},{"X":3,"Y":16,"Z":13},{"X":3,"Y":16,"Z":14},{"X":3,"Y":16,"Z":15},{"X":3,"Y":16,"Z":16},{"X":3,"Y":16,"Z":17},{"X":3,"Y":16,"Z":18},{"X":3,"Y":16,"Z":19},{"X":3,"Y":16,"Z":20},{"X":3,"Y":17,"Z":2},{"X":3,"Y":17,"Z":3},{"X":3,"Y":17,"Z":4},{"X":3,"Y":17,"Z":5},{"X":3,"Y":17,"Z":6},{"X":3,"Y":17,"Z":7},{"X":3,"Y":17,"Z":8},{"X":3,"Y":17,"Z":9},{"X":3,"Y":17,"Z":10},{"X":3,"Y":17,"Z":11},{"X":3,"Y":17,"Z":12},{"X":3,"Y":17,"Z":13},{"X":3,"Y":17,"Z":14},{"X":3,"Y":17,"Z":15},{"X":3,"Y":17,"Z":16},{"X":3,"Y":17,"Z":17},{"X":3,"Y":17,"Z":18},{"X":3,"Y":17,"Z":19},{"X":3,"Y":17,"Z":20},{"X":3,"Y":18,"Z":2},{"X":3,"Y":18,"Z":3},{"X":3,"Y":18,"Z":4},{"X":3,"Y":18,"Z":5},{"X":3,"Y":18,"Z":6},{"X":3,"Y":18,"Z":7},{"X":3,"Y":18,"Z":8},{"X":3,"Y":18,"Z":9},{"X":3,"Y":18,"Z":10},{"X":3,"Y":18,"Z":11},{"X":3,"Y":18,"Z":12},{"X":3,"Y":18,"Z":13},{"X":3,"Y":18,"Z":14},{"X":3,"Y":18,"Z":15},{"X":3,"Y":18,"Z":16},{"X":3,"Y":18,"Z":17},{"X":3,"Y":18,"Z":18},{"X":3,"Y":18,"Z":19},{"X":3,"Y":18,"Z":20},{"X":4,"Y":12,"Z":15},{"X":4,"Y":12,"Z":16},{"X":4,"Y":13,"Z":14},{"X":4,"Y":13,"Z":15},{"X":4,"Y":13,"Z":16},{"X":4,"Y":14,"Z":9},{"X":4,"Y":14,"Z":10},{"X":4,"Y":14,"Z":11},{"X":4,"Y":15,"Z":9},{"X":4,"Y":15,"Z":10},{"X":4,"Y":15,"Z":11},{"X":4,"Y":15,"Z":22},{"X":4,"Y":16,"Z":2},{"X":4,"Y":16,"Z":3},{"X":4,"Y":16,"Z":4},{"X":4,"Y":16,"Z":5},{"X":4,"Y":16,"Z":6},{"X":4,"Y":16,"Z":7},{"X":4,"Y":16,"Z":8},{"X":4,"Y":16,"Z":9},{"X":4,"Y":16,"Z":10},{"X":4,"Y":16,"Z":11},{"X":4,"Y":16,"Z":12},{"X":4,"Y":16,"Z":14},{"X":4,"Y":16,"Z":15},{"X":4,"Y":16,"Z":16},{"X":4,"Y":16,"Z":17},{"X":4,"Y":16,"Z":18},{"X":4,"Y":16,"Z":19},{"X":4,"Y":16,"Z":20},{"X":4,"Y":16,"Z":21},{"X":4,"Y":16,"Z":22},{"X":4,"Y":16,"Z":23},{"X":4,"Y":17,"Z":2},{"X":4,"Y":17,"Z":3},{"X":4,"Y":17,"Z":4},{"X":4,"Y":17,"Z":5},{"X":4,"Y":17,"Z":6},{"X":4,"Y":17,"Z":7},{"X":4,"Y":17,"Z":8},{"X":4,"Y":17,"Z":9},{"X":4,"Y":17,"Z":10},{"X":4,"Y":17,"Z":11},{"X":4,"Y":17,"Z":12},{"X":4,"Y":17,"Z":13},{"X":4,"Y":17,"Z":14},{"X":4,"Y":17,"Z":15},{"X":4,"Y":17,"Z":16},{"X":4,"Y":17,"Z":17},{"X":4,"Y":17,"Z":18},{"X":4,"Y":17,"Z":19},{"X":4,"Y":17,"Z":20},{"X":4,"Y":17,"Z":21},{"X":4,"Y":17,"Z":22},{"X":4,"Y":17,"Z":23},{"X":4,"Y":18,"Z":2},{"X":4,"Y":18,"Z":3},{"X":4,"Y":18,"Z":4},{"X":4,"Y":18,"Z":5},{"X":4,"Y":18,"Z":6},{"X":4,"Y":18,"Z":7},{"X":4,"Y":18,"Z":8},{"X":4,"Y":18,"Z":9},{"X":4,"Y":18,"Z":10},{"X":4,"Y":18,"Z":11},{"X":4,"Y":18,"Z":12},{"X":4,"Y":18,"Z":13},{"X":4,"Y":18,"Z":14},{"X":4,"Y":18,"Z":15},{"X":4,"Y":18,"Z":16},{"X":4,"Y":18,"Z":17},{"X":4,"Y":18,"Z":18},{"X":4,"Y":18,"Z":19},{"X":4,"Y":18,"Z":20},{"X":4,"Y":18,"Z":21},{"X":5,"Y":11,"Z":13},{"X":5,"Y":11,"Z":14},{"X":5,"Y":11,"Z":15},{"X":5,"Y":12,"Z":14},{"X":5,"Y":12,"Z":15},{"X":5,"Y":12,"Z":16},{"X":5,"Y":13,"Z":15},{"X":5,"Y":13,"Z":16},{"X":5,"Y":14,"Z":8},{"X":5,"Y":14,"Z":9},{"X":5,"Y":14,"Z":10},{"X":5,"Y":14,"Z":11},{"X":5,"Y":14,"Z":12},{"X":5,"Y":15,"Z":8},{"X":5,"Y":15,"Z":9},{"X":5,"Y":15,"Z":10},{"X":5,"Y":15,"Z":11},{"X":5,"Y":15,"Z":12},{"X":5,"Y":15,"Z":24},{"X":5,"Y":16,"Z":2},{"X":5,"Y":16,"Z":3},{"X":5,"Y":16,"Z":4},{"X":5,"Y":16,"Z":5},{"X":5,"Y":16,"Z":6},{"X":5,"Y":16,"Z":8},{"X":5,"Y":16,"Z":9},{"X":5,"Y":16,"Z":10},{"X":5,"Y":16,"Z":11},{"X":5,"Y":16,"Z":18},{"X":5,"Y":16,"Z":19},{"X":5,"Y":16,"Z":20},{"X":5,"Y":16,"Z":21},{"X":5,"Y":16,"Z":22},{"X":5,"Y":16,"Z":23},{"X":5,"Y":16,"Z":24},{"X":5,"Y":17,"Z":2},{"X":5,"Y":17,"Z":3},{"X":5,"Y":17,"Z":4},{"X":5,"Y":17,"Z":5},{"X":5,"Y":17,"Z":6},{"X":5,"Y":17,"Z":7},{"X":5,"Y":17,"Z":8},{"X":5,"Y":17,"Z":9},{"X":5,"Y":17,"Z":10},{"X":5,"Y":17,"Z":11},{"X":5,"Y":17,"Z":12},{"X":5,"Y":17,"Z":13},{"X":5,"Y":17,"Z":14},{"X":5,"Y":17,"Z":15},{"X":5,"Y":17,"Z":16},{"X":5,"Y":17,"Z":17},{"X":5,"Y":17,"Z":18},{"X":5,"Y":17,"Z":19},{"X":5,"Y":17,"Z":20},{"X":5,"Y":17,"Z":21},{"X":5,"Y":17,"Z":22},{"X":5,"Y":17,"Z":23},{"X":5,"Y":17,"Z":24},{"X":5,"Y":18,"Z":2},{"X":5,"Y":18,"Z":3},{"X":5,"Y":18,"Z":4},{"X":5,"Y":18,"Z":5},{"X":5,"Y":18,"Z":6},{"X":5,"Y":18,"Z":7},{"X":5,"Y":18,"Z":8},{"X":5,"Y":18,"Z":9},{"X":5,"Y":18,"Z":11},{"X":5,"Y":18,"Z":12},{"X":5,"Y":18,"Z":13},{"X":5,"Y":18,"Z":14},{"X":5,"Y":18,"Z":15},{"X":5,"Y":18,"Z":16},{"X":5,"Y":18,"Z":19},{"X":5,"Y":18,"Z":20},{"X":5,"Y":18,"Z":21},{"X":5,"Y":18,"Z":22},{"X":5,"Y":18,"Z":23},{"X":5,"Y":18,"Z":24},{"X":6,"Y":11,"Z":13},{"X":6,"Y":11,"Z":14},{"X":6,"Y":12,"Z":13},{"X":6,"Y":12,"Z":14},{"X":6,"Y":12,"Z":15},{"X":6,"Y":12,"Z":16},{"X":6,"Y":12,"Z":17},{"X":6,"Y":13,"Z":14},{"X":6,"Y":13,"Z":15},{"X":6,"Y":13,"Z":16},{"X":6,"Y":14,"Z":8},{"X":6,"Y":14,"Z":9},{"X":6,"Y":14,"Z":11},{"X":6,"Y":14,"Z":12},{"X":6,"Y":14,"Z":13},{"X":6,"Y":14,"Z":17},{"X":6,"Y":14,"Z":20},{"X":6,"Y":15,"Z":8},{"X":6,"Y":15,"Z":9},{"X":6,"Y":15,"Z":10},{"X":6,"Y":15,"Z":11},{"X":6,"Y":15,"Z":12},{"X":6,"Y":15,"Z":13},{"X":6,"Y":15,"Z":17},{"X":6,"Y":15,"Z":18},{"X":6,"Y":15,"Z":19},{"X":6,"Y":15,"Z":20},{"X":6,"Y":15,"Z":22},{"X":6,"Y":15,"Z":23},{"X":6,"Y":16,"Z":2},{"X":6,"Y":16,"Z":3},{"X":6,"Y":16,"Z":4},{"X":6,"Y":16,"Z":5},{"X":6,"Y":16,"Z":6},{"X":6,"Y":16,"Z":8},{"X":6,"Y":16,"Z":9},{"X":6,"Y":16,"Z":10},{"X":6,"Y":16,"Z":19},{"X":6,"Y":16,"Z":20},{"X":6,"Y":16,"Z":21},{"X":6,"Y":16,"Z":22},{"X":6,"Y":16,"Z":23},{"X":6,"Y":16,"Z":24},{"X":6,"Y":17,"Z":2},{"X":6,"Y":17,"Z":3},{"X":6,"Y":17,"Z":4},{"X":6,"Y":17,"Z":5},{"X":6,"Y":17,"Z":6},{"X":6,"Y":17,"Z":7},{"X":6,"Y":17,"Z":8},{"X":6,"Y":17,"Z":9},{"X":6,"Y":17,"Z":10},{"X":6,"Y":17,"Z":11},{"X":6,"Y":17,"Z":12},{"X":6,"Y":17,"Z":13},{"X":6,"Y":17,"Z":14},{"X":6,"Y":17,"Z":15},{"X":6,"Y":17,"Z":16},{"X":6,"Y":17,"Z":17},{"X":6,"Y":17,"Z":18},{"X":6,"Y":17,"Z":19},{"X":6,"Y":17,"Z":20},{"X":6,"Y":17,"Z":21},{"X":6,"Y":17,"Z":22},{"X":6,"Y":17,"Z":23},{"X":6,"Y":17,"Z":24},{"X":6,"Y":18,"Z":2},{"X":6,"Y":18,"Z":3},{"X":6,"Y":18,"Z":4},{"X":6,"Y":18,"Z":5},{"X":6,"Y":18,"Z":6},{"X":6,"Y":18,"Z":7},{"X":6,"Y":18,"Z":8},{"X":6,"Y":18,"Z":9},{"X":6,"Y":18,"Z":10},{"X":6,"Y":18,"Z":11},{"X":6,"Y":18,"Z":12},{"X":6,"Y":18,"Z":13},{"X":6,"Y":18,"Z":14},{"X":6,"Y":18,"Z":15},{"X":6,"Y":18,"Z":16},{"X":6,"Y":18,"Z":17},{"X":6,"Y":18,"Z":18},{"X":6,"Y":18,"Z":19},{"X":6,"Y":18,"Z":20},{"X":6,"Y":18,"Z":21},{"X":6,"Y":18,"Z":22},{"X":6,"Y":18,"Z":23},{"X":6,"Y":18,"Z":24},{"X":7,"Y":11,"Z":13},{"X":7,"Y":11,"Z":16},{"X":7,"Y":12,"Z":13},{"X":7,"Y":12,"Z":16},{"X":7,"Y":13,"Z":13},{"X":7,"Y":13,"Z":14},{"X":7,"Y":13,"Z":15},{"X":7,"Y":13,"Z":16},{"X":7,"Y":14,"Z":7},{"X":7,"Y":14,"Z":8},{"X":7,"Y":14,"Z":9},{"X":7,"Y":14,"Z":10},{"X":7,"Y":14,"Z":11},{"X":7,"Y":14,"Z":12},{"X":7,"Y":14,"Z":13},{"X":7,"Y":14,"Z":16},{"X":7,"Y":14,"Z":17},{"X":7,"Y":14,"Z":18},{"X":7,"Y":15,"Z":3},{"X":7,"Y":15,"Z":4},{"X":7,"Y":15,"Z":5},{"X":7,"Y":15,"Z":6},{"X":7,"Y":15,"Z":7},{"X":7,"Y":15,"Z":8},{"X":7,"Y":15,"Z":9},{"X":7,"Y":15,"Z":10},{"X":7,"Y":15,"Z":12},{"X":7,"Y":15,"Z":13},{"X":7,"Y":15,"Z":16},{"X":7,"Y":15,"Z":17},{"X":7,"Y":15,"Z":18},{"X":7,"Y":15,"Z":19},{"X":7,"Y":15,"Z":20},{"X":7,"Y":15,"Z":21},{"X":7,"Y":15,"Z":22},{"X":7,"Y":16,"Z":1},{"X":7,"Y":16,"Z":2},{"X":7,"Y":16,"Z":3},{"X":7,"Y":16,"Z":4},{"X":7,"Y":16,"Z":5},{"X":7,"Y":16,"Z":6},{"X":7,"Y":16,"Z":8},{"X":7,"Y":16,"Z":9},{"X":7,"Y":16,"Z":10},{"X":7,"Y":16,"Z":20},{"X":7,"Y":16,"Z":21},{"X":7,"Y":16,"Z":22},{"X":7,"Y":16,"Z":23},{"X":7,"Y":17,"Z":1},{"X":7,"Y":17,"Z":2},{"X":7,"Y":17,"Z":3},{"X":7,"Y":17,"Z":4},{"X":7,"Y":17,"Z":5},{"X":7,"Y":17,"Z":6},{"X":7,"Y":17,"Z":7},{"X":7,"Y":17,"Z":8},{"X":7,"Y":17,"Z":9},{"X":7,"Y":17,"Z":10},{"X":7,"Y":17,"Z":11},{"X":7,"Y":17,"Z":12},{"X":7,"Y":17,"Z":14},{"X":7,"Y":17,"Z":15},{"X":7,"Y":17,"Z":16},{"X":7,"Y":17,"Z":17},{"X":7,"Y":17,"Z":18},{"X":7,"Y":17,"Z":19},{"X":7,"Y":17,"Z":20},{"X":7,"Y":17,"Z":21},{"X":7,"Y":17,"Z":22},{"X":7,"Y":17,"Z":23},{"X":7,"Y":18,"Z":1},{"X":7,"Y":18,"Z":2},{"X":7,"Y":18,"Z":3},{"X":7,"Y":18,"Z":4},{"X":7,"Y":18,"Z":5},{"X":7,"Y":18,"Z":6},{"X":7,"Y":18,"Z":7},{"X":7,"Y":18,"Z":8},{"X":7,"Y":18,"Z":9},{"X":7,"Y":18,"Z":10},{"X":7,"Y":18,"Z":11},{"X":7,"Y":18,"Z":12},{"X":7,"Y":18,"Z":13},{"X":7,"Y":18,"Z":14},{"X":7,"Y":18,"Z":15},{"X":7,"Y":18,"Z":16},{"X":7,"Y":18,"Z":17},{"X":7,"Y":18,"Z":18},{"X":7,"Y":18,"Z":19},{"X":7,"Y":18,"Z":20},{"X":7,"Y":18,"Z":21},{"X":7,"Y":18,"Z":22},{"X":7,"Y":18,"Z":23},{"X":7,"Y":19,"Z":5},{"X":7,"Y":19,"Z":6},{"X":8,"Y":11,"Z":12},{"X":8,"Y":11,"Z":13},{"X":8,"Y":12,"Z":13},{"X":8,"Y":13,"Z":13},{"X":8,"Y":13,"Z":14},{"X":8,"Y":13,"Z":15},{"X":8,"Y":13,"Z":16},{"X":8,"Y":14,"Z":7},{"X":8,"Y":14,"Z":8},{"X":8,"Y":14,"Z":9},{"X":8,"Y":14,"Z":10},{"X":8,"Y":14,"Z":11},{"X":8,"Y":14,"Z":12},{"X":8,"Y":14,"Z":13},{"X":8,"Y":14,"Z":14},{"X":8,"Y":14,"Z":15},{"X":8,"Y":14,"Z":16},{"X":8,"Y":14,"Z":17},{"X":8,"Y":14,"Z":18},{"X":8,"Y":15,"Z":4},{"X":8,"Y":15,"Z":5},{"X":8,"Y":15,"Z":6},{"X":8,"Y":15,"Z":7},{"X":8,"Y":15,"Z":8},{"X":8,"Y":15,"Z":11},{"X":8,"Y":15,"Z":12},{"X":8,"Y":15,"Z":16},{"X":8,"Y":15,"Z":17},{"X":8,"Y":15,"Z":18},{"X":8,"Y":15,"Z":19},{"X":8,"Y":15,"Z":20},{"X":8,"Y":15,"Z":21},{"X":8,"Y":15,"Z":22},{"X":8,"Y":16,"Z":0},{"X":8,"Y":16,"Z":1},{"X":8,"Y":16,"Z":2},{"X":8,"Y":16,"Z":3},{"X":8,"Y":16,"Z":4},{"X":8,"Y":16,"Z":5},{"X":8,"Y":16,"Z":6},{"X":8,"Y":16,"Z":7},{"X":8,"Y":16,"Z":19},{"X":8,"Y":16,"Z":20},{"X":8,"Y":16,"Z":21},{"X":8,"Y":16,"Z":22},{"X":8,"Y":16,"Z":23},{"X":8,"Y":16,"Z":24},{"X":8,"Y":17,"Z":1},{"X":8,"Y":17,"Z":2},{"X":8,"Y":17,"Z":3},{"X":8,"Y":17,"Z":4},{"X":8,"Y":17,"Z":5},{"X":8,"Y":17,"Z":6},{"X":8,"Y":17,"Z":7},{"X":8,"Y":17,"Z":8},{"X":8,"Y":17,"Z":9},{"X":8,"Y":17,"Z":10},{"X":8,"Y":17,"Z":11},{"X":8,"Y":17,"Z":12},{"X":8,"Y":17,"Z":14},{"X":8,"Y":17,"Z":15},{"X":8,"Y":17,"Z":16},{"X":8,"Y":17,"Z":17},{"X":8,"Y":17,"Z":18},{"X":8,"Y":17,"Z":19},{"X":8,"Y":17,"Z":20},{"X":8,"Y":17,"Z":21},{"X":8,"Y":17,"Z":22},{"X":8,"Y":17,"Z":23},{"X":8,"Y":17,"Z":24},{"X":8,"Y":18,"Z":1},{"X":8,"Y":18,"Z":2},{"X":8,"Y":18,"Z":3},{"X":8,"Y":18,"Z":4},{"X":8,"Y":18,"Z":5},{"X":8,"Y":18,"Z":6},{"X":8,"Y":18,"Z":7},{"X":8,"Y":18,"Z":8},{"X":8,"Y":18,"Z":9},{"X":8,"Y":18,"Z":10},{"X":8,"Y":18,"Z":11},{"X":8,"Y":18,"Z":12},{"X":8,"Y":18,"Z":13},{"X":8,"Y":18,"Z":14},{"X":8,"Y":18,"Z":15},{"X":8,"Y":18,"Z":16},{"X":8,"Y":18,"Z":17},{"X":8,"Y":18,"Z":18},{"X":8,"Y":18,"Z":19},{"X":8,"Y":18,"Z":20},{"X":8,"Y":18,"Z":21},{"X":8,"Y":18,"Z":22},{"X":8,"Y":18,"Z":23},{"X":8,"Y":18,"Z":24},{"X":8,"Y":19,"Z":5},{"X":8,"Y":19,"Z":6},{"X":9,"Y":11,"Z":11},{"X":9,"Y":11,"Z":12},{"X":9,"Y":11,"Z":13},{"X":9,"Y":11,"Z":14},{"X":9,"Y":11,"Z":15},{"X":9,"Y":12,"Z":12},{"X":9,"Y":12,"Z":13},{"X":9,"Y":12,"Z":14},{"X":9,"Y":13,"Z":12},{"X":9,"Y":13,"Z":13},{"X":9,"Y":13,"Z":14},{"X":9,"Y":13,"Z":15},{"X":9,"Y":14,"Z":10},{"X":9,"Y":14,"Z":11},{"X":9,"Y":14,"Z":12},{"X":9,"Y":14,"Z":13},{"X":9,"Y":14,"Z":14},{"X":9,"Y":14,"Z":15},{"X":9,"Y":15,"Z":3},{"X":9,"Y":15,"Z":4},{"X":9,"Y":15,"Z":5},{"X":9,"Y":15,"Z":6},{"X":9,"Y":15,"Z":7},{"X":9,"Y":15,"Z":11},{"X":9,"Y":15,"Z":18},{"X":9,"Y":15,"Z":19},{"X":9,"Y":15,"Z":20},{"X":9,"Y":15,"Z":21},{"X":9,"Y":15,"Z":22},{"X":9,"Y":16,"Z":0},{"X":9,"Y":16,"Z":1},{"X":9,"Y":16,"Z":2},{"X":9,"Y":16,"Z":3},{"X":9,"Y":16,"Z":4},{"X":9,"Y":16,"Z":5},{"X":9,"Y":16,"Z":6},{"X":9,"Y":16,"Z":7},{"X":9,"Y":16,"Z":19},{"X":9,"Y":16,"Z":20},{"X":9,"Y":16,"Z":21},{"X":9,"Y":16,"Z":22},{"X":9,"Y":16,"Z":23},{"X":9,"Y":17,"Z":1},{"X":9,"Y":17,"Z":2},{"X":9,"Y":17,"Z":3},{"X":9,"Y":17,"Z":4},{"X":9,"Y":17,"Z":5},{"X":9,"Y":17,"Z":6},{"X":9,"Y":17,"Z":7},{"X":9,"Y":17,"Z":8},{"X":9,"Y":17,"Z":9},{"X":9,"Y":17,"Z":11},{"X":9,"Y":17,"Z":12},{"X":9,"Y":17,"Z":15},{"X":9,"Y":17,"Z":16},{"X":9,"Y":17,"Z":17},{"X":9,"Y":17,"Z":18},{"X":9,"Y":17,"Z":19},{"X":9,"Y":17,"Z":20},{"X":9,"Y":17,"Z":21},{"X":9,"Y":17,"Z":22},{"X":9,"Y":18,"Z":1},{"X":9,"Y":18,"Z":2},{"X":9,"Y":18,"Z":3},{"X":9,"Y":18,"Z":4},{"X":9,"Y":18,"Z":5},{"X":9,"Y":18,"Z":6},{"X":9,"Y":18,"Z":7},{"X":9,"Y":18,"Z":8},{"X":9,"Y":18,"Z":9},{"X":9,"Y":18,"Z":10},{"X":9,"Y":18,"Z":11},{"X":9,"Y":18,"Z":12},{"X":9,"Y":18,"Z":13},{"X":9,"Y":18,"Z":14},{"X":9,"Y":18,"Z":15},{"X":9,"Y":18,"Z":16},{"X":9,"Y":18,"Z":17},{"X":9,"Y":18,"Z":18},{"X":9,"Y":18,"Z":19},{"X":9,"Y":18,"Z":20},{"X":9,"Y":18,"Z":21},{"X":9,"Y":18,"Z":22},{"X":10,"Y":10,"Z":11},{"X":10,"Y":10,"Z":12},{"X":10,"Y":11,"Z":10},{"X":10,"Y":11,"Z":11},{"X":10,"Y":11,"Z":12},{"X":10,"Y":11,"Z":13},{"X":10,"Y":11,"Z":14},{"X":10,"Y":11,"Z":15},{"X":10,"Y":12,"Z":11},{"X":10,"Y":12,"Z":12},{"X":10,"Y":12,"Z":13},{"X":10,"Y":12,"Z":14},{"X":10,"Y":12,"Z":15},{"X":10,"Y":13,"Z":13},{"X":10,"Y":13,"Z":14},{"X":10,"Y":13,"Z":15},{"X":10,"Y":14,"Z":12},{"X":10,"Y":14,"Z":13},{"X":10,"Y":14,"Z":14},{"X":10,"Y":14,"Z":15},{"X":10,"Y":15,"Z":2},{"X":10,"Y":15,"Z":3},{"X":10,"Y":15,"Z":4},{"X":10,"Y":15,"Z":5},{"X":10,"Y":15,"Z":14},{"X":10,"Y":15,"Z":15},{"X":10,"Y":15,"Z":20},{"X":10,"Y":15,"Z":21},{"X":10,"Y":16,"Z":1},{"X":10,"Y":16,"Z":2},{"X":10,"Y":16,"Z":3},{"X":10,"Y":16,"Z":4},{"X":10,"Y":16,"Z":5},{"X":10,"Y":16,"Z":6},{"X":10,"Y":16,"Z":7},{"X":10,"Y":16,"Z":18},{"X":10,"Y":16,"Z":19},{"X":10,"Y":16,"Z":20},{"X":10,"Y":16,"Z":21},{"X":10,"Y":16,"Z":22},{"X":10,"Y":17,"Z":1},{"X":10,"Y":17,"Z":2},{"X":10,"Y":17,"Z":3},{"X":10,"Y":17,"Z":4},{"X":10,"Y":17,"Z":5},{"X":10,"Y":17,"Z":6},{"X":10,"Y":17,"Z":7},{"X":10,"Y":17,"Z":8},{"X":10,"Y":17,"Z":11},{"X":10,"Y":17,"Z":12},{"X":10,"Y":17,"Z":17},{"X":10,"Y":17,"Z":18},{"X":10,"Y":17,"Z":19},{"X":10,"Y":17,"Z":20},{"X":10,"Y":17,"Z":21},{"X":10,"Y":17,"Z":22},{"X":10,"Y":18,"Z":1},{"X":10,"Y":18,"Z":2},{"X":10,"Y":18,"Z":3},{"X":10,"Y":18,"Z":4},{"X":10,"Y":18,"Z":5},{"X":10,"Y":18,"Z":6},{"X":10,"Y":18,"Z":7},{"X":10,"Y":18,"Z":8},{"X":10,"Y":18,"Z":9},{"X":10,"Y":18,"Z":10},{"X":10,"Y":18,"Z":11},{"X":10,"Y":18,"Z":12},{"X":10,"Y":18,"Z":13},{"X":10,"Y":18,"Z":14},{"X":10,"Y":18,"Z":15},{"X":10,"Y":18,"Z":16},{"X":10,"Y":18,"Z":17},{"X":10,"Y":18,"Z":18},{"X":10,"Y":18,"Z":19},{"X":10,"Y":18,"Z":20},{"X":10,"Y":18,"Z":21},{"X":10,"Y":18,"Z":22},{"X":11,"Y":9,"Z":12},{"X":11,"Y":9,"Z":13},{"X":11,"Y":10,"Z":11},{"X":11,"Y":10,"Z":12},{"X":11,"Y":10,"Z":13},{"X":11,"Y":10,"Z":14},{"X":11,"Y":11,"Z":10},{"X":11,"Y":11,"Z":11},{"X":11,"Y":11,"Z":12},{"X":11,"Y":11,"Z":13},{"X":11,"Y":11,"Z":14},{"X":11,"Y":11,"Z":15},{"X":11,"Y":11,"Z":16},{"X":11,"Y":12,"Z":11},{"X":11,"Y":12,"Z":12},{"X":11,"Y":12,"Z":13},{"X":11,"Y":12,"Z":14},{"X":11,"Y":12,"Z":15},{"X":11,"Y":13,"Z":13},{"X":11,"Y":13,"Z":14},{"X":11,"Y":13,"Z":15},{"X":11,"Y":14,"Z":13},{"X":11,"Y":14,"Z":14},{"X":11,"Y":14,"Z":15},{"X":11,"Y":15,"Z":1},{"X":11,"Y":15,"Z":2},{"X":11,"Y":15,"Z":3},{"X":11,"Y":15,"Z":6},{"X":11,"Y":15,"Z":13},{"X":11,"Y":15,"Z":14},{"X":11,"Y":15,"Z":15},{"X":11,"Y":15,"Z":17},{"X":11,"Y":15,"Z":18},{"X":11,"Y":15,"Z":19},{"X":11,"Y":15,"Z":20},{"X":11,"Y":15,"Z":21},{"X":11,"Y":16,"Z":1},{"X":11,"Y":16,"Z":2},{"X":11,"Y":16,"Z":3},{"X":11,"Y":16,"Z":4},{"X":11,"Y":16,"Z":6},{"X":11,"Y":16,"Z":17},{"X":11,"Y":16,"Z":18},{"X":11,"Y":16,"Z":19},{"X":11,"Y":16,"Z":20},{"X":11,"Y":16,"Z":21},{"X":11,"Y":16,"Z":22},{"X":11,"Y":17,"Z":3},{"X":11,"Y":17,"Z":4},{"X":11,"Y":17,"Z":5},{"X":11,"Y":17,"Z":6},{"X":11,"Y":17,"Z":7},{"X":11,"Y":17,"Z":8},{"X":11,"Y":17,"Z":11},{"X":11,"Y":17,"Z":12},{"X":11,"Y":17,"Z":17},{"X":11,"Y":17,"Z":18},{"X":11,"Y":17,"Z":19},{"X":11,"Y":17,"Z":20},{"X":11,"Y":17,"Z":21},{"X":11,"Y":17,"Z":22},{"X":11,"Y":18,"Z":5},{"X":11,"Y":18,"Z":6},{"X":11,"Y":18,"Z":7},{"X":11,"Y":18,"Z":8},{"X":11,"Y":18,"Z":9},{"X":11,"Y":18,"Z":10},{"X":11,"Y":18,"Z":11},{"X":11,"Y":18,"Z":12},{"X":11,"Y":18,"Z":13},{"X":11,"Y":18,"Z":14},{"X":11,"Y":18,"Z":15},{"X":11,"Y":18,"Z":16},{"X":11,"Y":18,"Z":17},{"X":11,"Y":18,"Z":18},{"X":11,"Y":18,"Z":19},{"X":11,"Y":18,"Z":20},{"X":11,"Y":18,"Z":21},{"X":11,"Y":18,"Z":22},{"X":12,"Y":9,"Z":10},{"X":12,"Y":9,"Z":11},{"X":12,"Y":9,"Z":12},{"X":12,"Y":9,"Z":13},{"X":12,"Y":10,"Z":10},{"X":12,"Y":10,"Z":11},{"X":12,"Y":10,"Z":12},{"X":12,"Y":10,"Z":13},{"X":12,"Y":10,"Z":14},{"X":12,"Y":11,"Z":10},{"X":12,"Y":11,"Z":11},{"X":12,"Y":11,"Z":12},{"X":12,"Y":11,"Z":13},{"X":12,"Y":11,"Z":14},{"X":12,"Y":11,"Z":15},{"X":12,"Y":12,"Z":11},{"X":12,"Y":12,"Z":12},{"X":12,"Y":12,"Z":13},{"X":12,"Y":12,"Z":14},{"X":12,"Y":12,"Z":15},{"X":12,"Y":13,"Z":13},{"X":12,"Y":13,"Z":14},{"X":12,"Y":13,"Z":15},{"X":12,"Y":13,"Z":16},{"X":12,"Y":14,"Z":8},{"X":12,"Y":14,"Z":13},{"X":12,"Y":14,"Z":14},{"X":12,"Y":14,"Z":15},{"X":12,"Y":14,"Z":16},{"X":12,"Y":15,"Z":1},{"X":12,"Y":15,"Z":8},{"X":12,"Y":15,"Z":13},{"X":12,"Y":15,"Z":17},{"X":12,"Y":15,"Z":18},{"X":12,"Y":15,"Z":19},{"X":12,"Y":16,"Z":1},{"X":12,"Y":16,"Z":2},{"X":12,"Y":16,"Z":3},{"X":12,"Y":16,"Z":4},{"X":12,"Y":16,"Z":17},{"X":12,"Y":16,"Z":18},{"X":12,"Y":16,"Z":19},{"X":12,"Y":16,"Z":20},{"X":12,"Y":16,"Z":21},{"X":12,"Y":16,"Z":22},{"X":12,"Y":17,"Z":2},{"X":12,"Y":17,"Z":3},{"X":12,"Y":17,"Z":4},{"X":12,"Y":17,"Z":5},{"X":12,"Y":17,"Z":6},{"X":12,"Y":17,"Z":7},{"X":12,"Y":17,"Z":8},{"X":12,"Y":17,"Z":10},{"X":12,"Y":17,"Z":11},{"X":12,"Y":17,"Z":12},{"X":12,"Y":17,"Z":16},{"X":12,"Y":17,"Z":17},{"X":12,"Y":17,"Z":18},{"X":12,"Y":17,"Z":19},{"X":12,"Y":17,"Z":20},{"X":12,"Y":17,"Z":21},{"X":12,"Y":17,"Z":22},{"X":12,"Y":18,"Z":5},{"X":12,"Y":18,"Z":6},{"X":12,"Y":18,"Z":7},{"X":12,"Y":18,"Z":8},{"X":12,"Y":18,"Z":9},{"X":12,"Y":18,"Z":10},{"X":12,"Y":18,"Z":11},{"X":12,"Y":18,"Z":12},{"X":12,"Y":18,"Z":13},{"X":12,"Y":18,"Z":14},{"X":12,"Y":18,"Z":15},{"X":12,"Y":18,"Z":16},{"X":12,"Y":18,"Z":17},{"X":12,"Y":18,"Z":18},{"X":12,"Y":18,"Z":19},{"X":12,"Y":18,"Z":20},{"X":12,"Y":18,"Z":21},{"X":12,"Y":18,"Z":22},{"X":13,"Y":8,"Z":9},{"X":13,"Y":8,"Z":10},{"X":13,"Y":9,"Z":9},{"X":13,"Y":9,"Z":10},{"X":13,"Y":9,"Z":11},{"X":13,"Y":9,"Z":12},{"X":13,"Y":9,"Z":13},{"X":13,"Y":10,"Z":9},{"X":13,"Y":10,"Z":10},{"X":13,"Y":10,"Z":11},{"X":13,"Y":10,"Z":12},{"X":13,"Y":10,"Z":13},{"X":13,"Y":10,"Z":14},{"X":13,"Y":10,"Z":15},{"X":13,"Y":11,"Z":11},{"X":13,"Y":11,"Z":12},{"X":13,"Y":11,"Z":13},{"X":13,"Y":11,"Z":14},{"X":13,"Y":11,"Z":15},{"X":13,"Y":11,"Z":16},{"X":13,"Y":11,"Z":17},{"X":13,"Y":12,"Z":10},{"X":13,"Y":12,"Z":11},{"X":13,"Y":12,"Z":12},{"X":13,"Y":12,"Z":13},{"X":13,"Y":12,"Z":14},{"X":13,"Y":12,"Z":15},{"X":13,"Y":12,"Z":16},{"X":13,"Y":12,"Z":17},{"X":13,"Y":13,"Z":7},{"X":13,"Y":13,"Z":15},{"X":13,"Y":13,"Z":16},{"X":13,"Y":13,"Z":17},{"X":13,"Y":14,"Z":10},{"X":13,"Y":14,"Z":15},{"X":13,"Y":14,"Z":16},{"X":13,"Y":14,"Z":17},{"X":13,"Y":15,"Z":1},{"X":13,"Y":15,"Z":2},{"X":13,"Y":15,"Z":8},{"X":13,"Y":15,"Z":18},{"X":13,"Y":15,"Z":19},{"X":13,"Y":15,"Z":21},{"X":13,"Y":16,"Z":1},{"X":13,"Y":16,"Z":2},{"X":13,"Y":16,"Z":3},{"X":13,"Y":16,"Z":18},{"X":13,"Y":16,"Z":19},{"X":13,"Y":16,"Z":20},{"X":13,"Y":16,"Z":21},{"X":13,"Y":16,"Z":22},{"X":13,"Y":17,"Z":2},{"X":13,"Y":17,"Z":3},{"X":13,"Y":17,"Z":4},{"X":13,"Y":17,"Z":5},{"X":13,"Y":17,"Z":6},{"X":13,"Y":17,"Z":7},{"X":13,"Y":17,"Z":10},{"X":13,"Y":17,"Z":11},{"X":13,"Y":17,"Z":17},{"X":13,"Y":17,"Z":18},{"X":13,"Y":17,"Z":19},{"X":13,"Y":17,"Z":20},{"X":13,"Y":17,"Z":21},{"X":13,"Y":17,"Z":22},{"X":13,"Y":18,"Z":5},{"X":13,"Y":18,"Z":6},{"X":13,"Y":18,"Z":7},{"X":13,"Y":18,"Z":8},{"X":13,"Y":18,"Z":9},{"X":13,"Y":18,"Z":10},{"X":13,"Y":18,"Z":11},{"X":13,"Y":18,"Z":12},{"X":13,"Y":18,"Z":13},{"X":13,"Y":18,"Z":14},{"X":13,"Y":18,"Z":15},{"X":13,"Y":18,"Z":16},{"X":13,"Y":18,"Z":17},{"X":13,"Y":18,"Z":18},{"X":13,"Y":18,"Z":19},{"X":13,"Y":18,"Z":20},{"X":13,"Y":18,"Z":21},{"X":13,"Y":18,"Z":22},{"X":14,"Y":8,"Z":9},{"X":14,"Y":8,"Z":10},{"X":14,"Y":8,"Z":11},{"X":14,"Y":9,"Z":8},{"X":14,"Y":9,"Z":9},{"X":14,"Y":9,"Z":10},{"X":14,"Y":9,"Z":11},{"X":14,"Y":9,"Z":12},{"X":14,"Y":9,"Z":13},{"X":14,"Y":10,"Z":9},{"X":14,"Y":10,"Z":10},{"X":14,"Y":10,"Z":11},{"X":14,"Y":10,"Z":12},{"X":14,"Y":10,"Z":13},{"X":14,"Y":10,"Z":14},{"X":14,"Y":10,"Z":16},{"X":14,"Y":10,"Z":17},{"X":14,"Y":11,"Z":11},{"X":14,"Y":11,"Z":12},{"X":14,"Y":11,"Z":13},{"X":14,"Y":11,"Z":14},{"X":14,"Y":11,"Z":15},{"X":14,"Y":11,"Z":16},{"X":14,"Y":11,"Z":17},{"X":14,"Y":12,"Z":11},{"X":14,"Y":12,"Z":12},{"X":14,"Y":12,"Z":13},{"X":14,"Y":12,"Z":16},{"X":14,"Y":12,"Z":17},{"X":14,"Y":13,"Z":16},{"X":14,"Y":13,"Z":17},{"X":14,"Y":13,"Z":18},{"X":14,"Y":14,"Z":10},{"X":14,"Y":14,"Z":16},{"X":14,"Y":14,"Z":17},{"X":14,"Y":14,"Z":18},{"X":14,"Y":16,"Z":1},{"X":14,"Y":16,"Z":2},{"X":14,"Y":16,"Z":3},{"X":14,"Y":16,"Z":20},{"X":14,"Y":16,"Z":21},{"X":14,"Y":16,"Z":22},{"X":14,"Y":17,"Z":1},{"X":14,"Y":17,"Z":2},{"X":14,"Y":17,"Z":3},{"X":14,"Y":17,"Z":4},{"X":14,"Y":17,"Z":5},{"X":14,"Y":17,"Z":6},{"X":14,"Y":17,"Z":14},{"X":14,"Y":17,"Z":18},{"X":14,"Y":17,"Z":19},{"X":14,"Y":17,"Z":20},{"X":14,"Y":17,"Z":21},{"X":14,"Y":17,"Z":22},{"X":14,"Y":18,"Z":4},{"X":14,"Y":18,"Z":5},{"X":14,"Y":18,"Z":6},{"X":14,"Y":18,"Z":7},{"X":14,"Y":18,"Z":8},{"X":14,"Y":18,"Z":9},{"X":14,"Y":18,"Z":10},{"X":14,"Y":18,"Z":11},{"X":14,"Y":18,"Z":12},{"X":14,"Y":18,"Z":13},{"X":14,"Y":18,"Z":14},{"X":14,"Y":18,"Z":15},{"X":14,"Y":18,"Z":16},{"X":14,"Y":18,"Z":17},{"X":14,"Y":18,"Z":18},{"X":14,"Y":18,"Z":19},{"X":14,"Y":18,"Z":20},{"X":14,"Y":18,"Z":21},{"X":14,"Y":18,"Z":22},{"X":14,"Y":19,"Z":17},{"X":14,"Y":19,"Z":18},{"X":14,"Y":19,"Z":19},{"X":15,"Y":8,"Z":9},{"X":15,"Y":8,"Z":10},{"X":15,"Y":9,"Z":8},{"X":15,"Y":9,"Z":9},{"X":15,"Y":9,"Z":10},{"X":15,"Y":9,"Z":11},{"X":15,"Y":9,"Z":12},{"X":15,"Y":10,"Z":9},{"X":15,"Y":10,"Z":10},{"X":15,"Y":10,"Z":11},{"X":15,"Y":10,"Z":12},{"X":15,"Y":10,"Z":15},{"X":15,"Y":10,"Z":16},{"X":15,"Y":10,"Z":17},{"X":15,"Y":11,"Z":12},{"X":15,"Y":11,"Z":13},{"X":15,"Y":11,"Z":17},{"X":15,"Y":12,"Z":12},{"X":15,"Y":12,"Z":13},{"X":15,"Y":12,"Z":16},{"X":15,"Y":12,"Z":17},{"X":15,"Y":13,"Z":9},{"X":15,"Y":13,"Z":16},{"X":15,"Y":13,"Z":17},{"X":15,"Y":13,"Z":18},{"X":15,"Y":14,"Z":17},{"X":15,"Y":14,"Z":18},{"X":15,"Y":14,"Z":19},{"X":15,"Y":16,"Z":1},{"X":15,"Y":16,"Z":2},{"X":15,"Y":16,"Z":22},{"X":15,"Y":16,"Z":23},{"X":15,"Y":17,"Z":1},{"X":15,"Y":17,"Z":2},{"X":15,"Y":17,"Z":3},{"X":15,"Y":17,"Z":4},{"X":15,"Y":17,"Z":5},{"X":15,"Y":17,"Z":6},{"X":15,"Y":17,"Z":14},{"X":15,"Y":17,"Z":15},{"X":15,"Y":17,"Z":16},{"X":15,"Y":17,"Z":17},{"X":15,"Y":17,"Z":18},{"X":15,"Y":17,"Z":19},{"X":15,"Y":17,"Z":20},{"X":15,"Y":17,"Z":21},{"X":15,"Y":17,"Z":22},{"X":15,"Y":17,"Z":23},{"X":15,"Y":18,"Z":5},{"X":15,"Y":18,"Z":6},{"X":15,"Y":18,"Z":7},{"X":15,"Y":18,"Z":8},{"X":15,"Y":18,"Z":9},{"X":15,"Y":18,"Z":10},{"X":15,"Y":18,"Z":11},{"X":15,"Y":18,"Z":12},{"X":15,"Y":18,"Z":13},{"X":15,"Y":18,"Z":14},{"X":15,"Y":18,"Z":15},{"X":15,"Y":18,"Z":16},{"X":15,"Y":18,"Z":17},{"X":15,"Y":18,"Z":18},{"X":15,"Y":18,"Z":19},{"X":15,"Y":18,"Z":20},{"X":15,"Y":18,"Z":21},{"X":15,"Y":18,"Z":22},{"X":15,"Y":19,"Z":10},{"X":15,"Y":19,"Z":11},{"X":15,"Y":19,"Z":17},{"X":15,"Y":19,"Z":18},{"X":15,"Y":19,"Z":19},{"X":15,"Y":19,"Z":20},{"X":16,"Y":9,"Z":9},{"X":16,"Y":9,"Z":10},{"X":16,"Y":9,"Z":11},{"X":16,"Y":10,"Z":10},{"X":16,"Y":10,"Z":11},{"X":16,"Y":11,"Z":10},{"X":16,"Y":11,"Z":11},{"X":16,"Y":12,"Z":11},{"X":16,"Y":14,"Z":17},{"X":16,"Y":14,"Z":18},{"X":16,"Y":14,"Z":19},{"X":16,"Y":15,"Z":18},{"X":16,"Y":15,"Z":19},{"X":16,"Y":15,"Z":23},{"X":16,"Y":16,"Z":2},{"X":16,"Y":16,"Z":3},{"X":16,"Y":16,"Z":4},{"X":16,"Y":16,"Z":19},{"X":16,"Y":16,"Z":20},{"X":16,"Y":16,"Z":21},{"X":16,"Y":16,"Z":22},{"X":16,"Y":16,"Z":23},{"X":16,"Y":17,"Z":2},{"X":16,"Y":17,"Z":3},{"X":16,"Y":17,"Z":4},{"X":16,"Y":17,"Z":5},{"X":16,"Y":17,"Z":6},{"X":16,"Y":17,"Z":7},{"X":16,"Y":17,"Z":14},{"X":16,"Y":17,"Z":15},{"X":16,"Y":17,"Z":16},{"X":16,"Y":17,"Z":17},{"X":16,"Y":17,"Z":18},{"X":16,"Y":17,"Z":19},{"X":16,"Y":17,"Z":20},{"X":16,"Y":17,"Z":21},{"X":16,"Y":17,"Z":22},{"X":16,"Y":17,"Z":23},{"X":16,"Y":18,"Z":5},{"X":16,"Y":18,"Z":6},{"X":16,"Y":18,"Z":7},{"X":16,"Y":18,"Z":8},{"X":16,"Y":18,"Z":9},{"X":16,"Y":18,"Z":10},{"X":16,"Y":18,"Z":11},{"X":16,"Y":18,"Z":12},{"X":16,"Y":18,"Z":13},{"X":16,"Y":18,"Z":14},{"X":16,"Y":18,"Z":15},{"X":16,"Y":18,"Z":16},{"X":16,"Y":18,"Z":17},{"X":16,"Y":18,"Z":18},{"X":16,"Y":18,"Z":19},{"X":16,"Y":18,"Z":20},{"X":16,"Y":18,"Z":21},{"X":16,"Y":18,"Z":22},{"X":16,"Y":18,"Z":23},{"X":16,"Y":19,"Z":9},{"X":16,"Y":19,"Z":10},{"X":16,"Y":19,"Z":11},{"X":16,"Y":19,"Z":12},{"X":17,"Y":13,"Z":18},{"X":17,"Y":13,"Z":19},{"X":17,"Y":14,"Z":18},{"X":17,"Y":14,"Z":19},{"X":17,"Y":15,"Z":18},{"X":17,"Y":15,"Z":19},{"X":17,"Y":15,"Z":23},{"X":17,"Y":16,"Z":3},{"X":17,"Y":16,"Z":4},{"X":17,"Y":16,"Z":5},{"X":17,"Y":16,"Z":6},{"X":17,"Y":16,"Z":19},{"X":17,"Y":16,"Z":20},{"X":17,"Y":16,"Z":21},{"X":17,"Y":16,"Z":22},{"X":17,"Y":16,"Z":23},{"X":17,"Y":17,"Z":4},{"X":17,"Y":17,"Z":5},{"X":17,"Y":17,"Z":6},{"X":17,"Y":17,"Z":7},{"X":17,"Y":17,"Z":8},{"X":17,"Y":17,"Z":14},{"X":17,"Y":17,"Z":15},{"X":17,"Y":17,"Z":16},{"X":17,"Y":17,"Z":17},{"X":17,"Y":17,"Z":18},{"X":17,"Y":17,"Z":19},{"X":17,"Y":17,"Z":20},{"X":17,"Y":17,"Z":21},{"X":17,"Y":17,"Z":22},{"X":17,"Y":17,"Z":23},{"X":17,"Y":18,"Z":7},{"X":17,"Y":18,"Z":8},{"X":17,"Y":18,"Z":9},{"X":17,"Y":18,"Z":10},{"X":17,"Y":18,"Z":12},{"X":17,"Y":18,"Z":13},{"X":17,"Y":18,"Z":14},{"X":17,"Y":18,"Z":15},{"X":17,"Y":18,"Z":16},{"X":17,"Y":18,"Z":17},{"X":17,"Y":18,"Z":18},{"X":17,"Y":18,"Z":19},{"X":17,"Y":18,"Z":20},{"X":17,"Y":18,"Z":21},{"X":17,"Y":18,"Z":22},{"X":17,"Y":18,"Z":23},{"X":17,"Y":19,"Z":9},{"X":17,"Y":19,"Z":12},{"X":17,"Y":19,"Z":13},{"X":18,"Y":15,"Z":3},{"X":18,"Y":15,"Z":18},{"X":18,"Y":15,"Z":23},{"X":18,"Y":15,"Z":24},{"X":18,"Y":16,"Z":2},{"X":18,"Y":16,"Z":3},{"X":18,"Y":16,"Z":4},{"X":18,"Y":16,"Z":5},{"X":18,"Y":16,"Z":6},{"X":18,"Y":16,"Z":7},{"X":18,"Y":16,"Z":18},{"X":18,"Y":16,"Z":19},{"X":18,"Y":16,"Z":20},{"X":18,"Y":16,"Z":21},{"X":18,"Y":16,"Z":22},{"X":18,"Y":16,"Z":23},{"X":18,"Y":16,"Z":24},{"X":18,"Y":17,"Z":5},{"X":18,"Y":17,"Z":6},{"X":18,"Y":17,"Z":7},{"X":18,"Y":17,"Z":8},{"X":18,"Y":17,"Z":14},{"X":18,"Y":17,"Z":15},{"X":18,"Y":17,"Z":16},{"X":18,"Y":17,"Z":17},{"X":18,"Y":17,"Z":18},{"X":18,"Y":17,"Z":19},{"X":18,"Y":17,"Z":20},{"X":18,"Y":17,"Z":21},{"X":18,"Y":17,"Z":22},{"X":18,"Y":17,"Z":23},{"X":18,"Y":17,"Z":24},{"X":18,"Y":18,"Z":8},{"X":18,"Y":18,"Z":9},{"X":18,"Y":18,"Z":12},{"X":18,"Y":18,"Z":13},{"X":18,"Y":18,"Z":14},{"X":18,"Y":18,"Z":15},{"X":18,"Y":18,"Z":16},{"X":18,"Y":18,"Z":17},{"X":18,"Y":18,"Z":18},{"X":18,"Y":18,"Z":19},{"X":18,"Y":18,"Z":20},{"X":18,"Y":18,"Z":21},{"X":18,"Y":18,"Z":22},{"X":18,"Y":18,"Z":23},{"X":18,"Y":18,"Z":24},{"X":18,"Y":19,"Z":12},{"X":18,"Y":19,"Z":13},{"X":18,"Y":19,"Z":14},{"X":19,"Y":14,"Z":17},{"X":19,"Y":15,"Z":2},{"X":19,"Y":15,"Z":3},{"X":19,"Y":15,"Z":4},{"X":19,"Y":15,"Z":18},{"X":19,"Y":15,"Z":19},{"X":19,"Y":15,"Z":24},{"X":19,"Y":16,"Z":2},{"X":19,"Y":16,"Z":3},{"X":19,"Y":16,"Z":4},{"X":19,"Y":16,"Z":5},{"X":19,"Y":16,"Z":6},{"X":19,"Y":16,"Z":7},{"X":19,"Y":16,"Z":17},{"X":19,"Y":16,"Z":18},{"X":19,"Y":16,"Z":19},{"X":19,"Y":16,"Z":20},{"X":19,"Y":16,"Z":21},{"X":19,"Y":16,"Z":22},{"X":19,"Y":16,"Z":23},{"X":19,"Y":16,"Z":24},{"X":19,"Y":17,"Z":6},{"X":19,"Y":17,"Z":7},{"X":19,"Y":17,"Z":8},{"X":19,"Y":17,"Z":9},{"X":19,"Y":17,"Z":14},{"X":19,"Y":17,"Z":15},{"X":19,"Y":17,"Z":16},{"X":19,"Y":17,"Z":17},{"X":19,"Y":17,"Z":18},{"X":19,"Y":17,"Z":19},{"X":19,"Y":17,"Z":20},{"X":19,"Y":17,"Z":21},{"X":19,"Y":17,"Z":22},{"X":19,"Y":17,"Z":23},{"X":19,"Y":17,"Z":24},{"X":19,"Y":18,"Z":8},{"X":19,"Y":18,"Z":9},{"X":19,"Y":18,"Z":12},{"X":19,"Y":18,"Z":13},{"X":19,"Y":18,"Z":14},{"X":19,"Y":18,"Z":15},{"X":19,"Y":18,"Z":16},{"X":19,"Y":18,"Z":17},{"X":19,"Y":18,"Z":18},{"X":19,"Y":18,"Z":19},{"X":19,"Y":18,"Z":20},{"X":19,"Y":18,"Z":21},{"X":19,"Y":18,"Z":22},{"X":19,"Y":18,"Z":23},{"X":19,"Y":18,"Z":24},{"X":19,"Y":19,"Z":9},{"X":19,"Y":19,"Z":10},{"X":19,"Y":19,"Z":12},{"X":19,"Y":19,"Z":13},{"X":19,"Y":19,"Z":14},{"X":20,"Y":15,"Z":1},{"X":20,"Y":15,"Z":3},{"X":20,"Y":15,"Z":4},{"X":20,"Y":15,"Z":18},{"X":20,"Y":15,"Z":19},{"X":20,"Y":15,"Z":23},{"X":20,"Y":15,"Z":24},{"X":20,"Y":16,"Z":2},{"X":20,"Y":16,"Z":3},{"X":20,"Y":16,"Z":4},{"X":20,"Y":16,"Z":5},{"X":20,"Y":16,"Z":6},{"X":20,"Y":16,"Z":7},{"X":20,"Y":16,"Z":17},{"X":20,"Y":16,"Z":18},{"X":20,"Y":16,"Z":19},{"X":20,"Y":16,"Z":20},{"X":20,"Y":16,"Z":21},{"X":20,"Y":16,"Z":22},{"X":20,"Y":16,"Z":23},{"X":20,"Y":16,"Z":24},{"X":20,"Y":17,"Z":6},{"X":20,"Y":17,"Z":7},{"X":20,"Y":17,"Z":8},{"X":20,"Y":17,"Z":9},{"X":20,"Y":17,"Z":13},{"X":20,"Y":17,"Z":14},{"X":20,"Y":17,"Z":15},{"X":20,"Y":17,"Z":16},{"X":20,"Y":17,"Z":17},{"X":20,"Y":17,"Z":18},{"X":20,"Y":17,"Z":19},{"X":20,"Y":17,"Z":20},{"X":20,"Y":17,"Z":21},{"X":20,"Y":17,"Z":22},{"X":20,"Y":17,"Z":23},{"X":20,"Y":17,"Z":24},{"X":20,"Y":18,"Z":9},{"X":20,"Y":18,"Z":10},{"X":20,"Y":18,"Z":11},{"X":20,"Y":18,"Z":12},{"X":20,"Y":18,"Z":13},{"X":20,"Y":18,"Z":14},{"X":20,"Y":18,"Z":15},{"X":20,"Y":18,"Z":16},{"X":20,"Y":18,"Z":17},{"X":20,"Y":18,"Z":18},{"X":20,"Y":18,"Z":19},{"X":20,"Y":18,"Z":20},{"X":20,"Y":18,"Z":21},{"X":20,"Y":18,"Z":22},{"X":20,"Y":18,"Z":23},{"X":20,"Y":18,"Z":24},{"X":20,"Y":19,"Z":9},{"X":20,"Y":19,"Z":10},{"X":20,"Y":19,"Z":13},{"X":21,"Y":15,"Z":2},{"X":21,"Y":15,"Z":22},{"X":21,"Y":15,"Z":23},{"X":21,"Y":16,"Z":5},{"X":21,"Y":16,"Z":6},{"X":21,"Y":16,"Z":14},{"X":21,"Y":16,"Z":15},{"X":21,"Y":16,"Z":16},{"X":21,"Y":16,"Z":17},{"X":21,"Y":16,"Z":18},{"X":21,"Y":16,"Z":19},{"X":21,"Y":16,"Z":20},{"X":21,"Y":16,"Z":21},{"X":21,"Y":16,"Z":22},{"X":21,"Y":16,"Z":23},{"X":21,"Y":17,"Z":6},{"X":21,"Y":17,"Z":7},{"X":21,"Y":17,"Z":8},{"X":21,"Y":17,"Z":9},{"X":21,"Y":17,"Z":10},{"X":21,"Y":17,"Z":11},{"X":21,"Y":17,"Z":12},{"X":21,"Y":17,"Z":13},{"X":21,"Y":17,"Z":14},{"X":21,"Y":17,"Z":15},{"X":21,"Y":17,"Z":16},{"X":21,"Y":17,"Z":17},{"X":21,"Y":17,"Z":18},{"X":21,"Y":17,"Z":19},{"X":21,"Y":17,"Z":20},{"X":21,"Y":17,"Z":21},{"X":21,"Y":17,"Z":22},{"X":21,"Y":17,"Z":23},{"X":21,"Y":18,"Z":9},{"X":21,"Y":18,"Z":10},{"X":21,"Y":18,"Z":11},{"X":21,"Y":18,"Z":12},{"X":21,"Y":18,"Z":13},{"X":21,"Y":18,"Z":15},{"X":21,"Y":18,"Z":16},{"X":21,"Y":18,"Z":17},{"X":21,"Y":18,"Z":18},{"X":21,"Y":18,"Z":19},{"X":21,"Y":18,"Z":20},{"X":21,"Y":18,"Z":21},{"X":21,"Y":18,"Z":22},{"X":21,"Y":18,"Z":23},{"X":21,"Y":19,"Z":11},{"X":22,"Y":15,"Z":21},{"X":22,"Y":15,"Z":22},{"X":22,"Y":15,"Z":23},{"X":22,"Y":16,"Z":6},{"X":22,"Y":16,"Z":7},{"X":22,"Y":16,"Z":8},{"X":22,"Y":16,"Z":9},{"X":22,"Y":16,"Z":11},{"X":22,"Y":16,"Z":12},{"X":22,"Y":16,"Z":13},{"X":22,"Y":16,"Z":14},{"X":22,"Y":16,"Z":15},{"X":22,"Y":16,"Z":16},{"X":22,"Y":16,"Z":17},{"X":22,"Y":16,"Z":18},{"X":22,"Y":16,"Z":19},{"X":22,"Y":16,"Z":20},{"X":22,"Y":16,"Z":21},{"X":22,"Y":16,"Z":22},{"X":22,"Y":16,"Z":23},{"X":22,"Y":17,"Z":6},{"X":22,"Y":17,"Z":7},{"X":22,"Y":17,"Z":8},{"X":22,"Y":17,"Z":9},{"X":22,"Y":17,"Z":10},{"X":22,"Y":17,"Z":11},{"X":22,"Y":17,"Z":12},{"X":22,"Y":17,"Z":13},{"X":22,"Y":17,"Z":14},{"X":22,"Y":17,"Z":15},{"X":22,"Y":17,"Z":16},{"X":22,"Y":17,"Z":17},{"X":22,"Y":17,"Z":18},{"X":22,"Y":17,"Z":19},{"X":22,"Y":17,"Z":20},{"X":22,"Y":17,"Z":21},{"X":22,"Y":17,"Z":22},{"X":22,"Y":17,"Z":23},{"X":22,"Y":18,"Z":15},{"X":22,"Y":18,"Z":16},{"X":22,"Y":18,"Z":17},{"X":22,"Y":18,"Z":18},{"X":22,"Y":18,"Z":19},{"X":22,"Y":18,"Z":20},{"X":22,"Y":18,"Z":21},{"X":22,"Y":18,"Z":22},{"X":22,"Y":18,"Z":23},{"X":23,"Y":16,"Z":11},{"X":23,"Y":16,"Z":12},{"X":23,"Y":16,"Z":13},{"X":23,"Y":16,"Z":14},{"X":23,"Y":16,"Z":15},{"X":23,"Y":16,"Z":16},{"X":23,"Y":16,"Z":17},{"X":23,"Y":16,"Z":18},{"X":23,"Y":16,"Z":19},{"X":23,"Y":16,"Z":20},{"X":23,"Y":17,"Z":11},{"X":23,"Y":17,"Z":15},{"X":23,"Y":17,"Z":16},{"X":23,"Y":17,"Z":17},{"X":23,"Y":17,"Z":18},{"X":23,"Y":17,"Z":19},{"X":23,"Y":17,"Z":20},{"X":23,"Y":18,"Z":15},{"X":23,"Y":18,"Z":16},{"X":23,"Y":18,"Z":17},{"X":23,"Y":18,"Z":18},{"X":23,"Y":18,"Z":19},{"X":23,"Y":18,"Z":20}],"GameData":{"PDAState":{"KnownTechTypes":[],"AnalyzedTechTypes":[],"PdaLog":[],"EncyclopediaEntries":[],"ScannerFragments":[],"ScannerPartial":[],"ScannerComplete":[]},"StoryGoals":{"CompletedGoals":[],"RadioQueue":[],"GoalUnlocks":[],"ScheduledGoals":[]},"StoryTiming":{"ElapsedSeconds":480.0,"AuroraCountdownTime":4739094.3372338517,"AuroraWarningTime":480000.0}},"Seed":"TCCBIBZXAB"}